{
    "Base": {
        "0": {
            "MAPE": 0.8931257429195898,
            "MAE": 1709.1955262945337,
            "MSE": 6830654.696828651
        },
        "1": {
            "MAPE": 0.8565136047622175,
            "MAE": 2808.2512343972376,
            "MSE": 19548501.95110682
        },
        "2": {
            "MAPE": 0.849004666557113,
            "MAE": 2767.194118535808,
            "MSE": 17921985.437656984
        },
        "3": {
            "MAPE": 0.8623397604001105,
            "MAE": 2589.9289429073096,
            "MSE": 14337287.252771817
        }
    },
    "HISTORIAL_AVERAGE_BY_DAY": {
        "0": {
            "MAPE": 0.6738289275195755,
            "MAE": 1433.7561643835616,
            "MSE": 5609958.7534246575
        },
        "1": {
            "MAPE": 0.44247140077833386,
            "MAE": 1831.3287671232877,
            "MSE": 12393413.361643836
        },
        "2": {
            "MAPE": 0.361921044264599,
            "MAE": 1574.021917808219,
            "MSE": 9161344.679452054
        },
        "3": {
            "MAPE": 0.42918028392040486,
            "MAE": 1540.8958904109588,
            "MSE": 6946801.706849315
        }
    },
    "ARIMAX": {
        "0": {
            "MAPE": 0.6926924990120399,
            "MAE": 1458.5863013698631,
            "MSE": 5789009.967123288
        },
        "1": {
            "MAPE": 0.45154183904598055,
            "MAE": 1761.13698630137,
            "MSE": 11305519.42739726
        },
        "2": {
            "MAPE": 0.3714676953999465,
            "MAE": 1523.6794520547944,
            "MSE": 8302638.17260274
        },
        "3": {
            "MAPE": 0.454129864957205,
            "MAE": 1512.7013698630137,
            "MSE": 6504550.032876712
        }
    },
    "ARIMAX_ON_RESIDUALS": {
        "0": {
            "MAPE": 0.9308420350327298,
            "MAE": 2112.5698630136985,
            "MSE": 13531987.506849315
        },
        "1": {
            "MAPE": 0.5911729736135755,
            "MAE": 1986.813698630137,
            "MSE": 11271282.989041096
        },
        "2": {
            "MAPE": 0.41751658368635153,
            "MAE": 1643.7013698630137,
            "MSE": 8451098.150684932
        },
        "3": {
            "MAPE": 0.669804823786448,
            "MAE": 1934.304109589041,
            "MSE": 9831542.638356164
        }
    },
    "SARIMAX": {
        "0": {
            "MAPE": 0.7343000127804283,
            "MAE": 1427.5753424657535,
            "MSE": 5382448.726027397
        },
        "1": {
            "MAPE": 0.48362818045423656,
            "MAE": 1758.2657534246575,
            "MSE": 10945407.471232876
        },
        "2": {
            "MAPE": 0.38105999382221406,
            "MAE": 1511.2219178082191,
            "MSE": 8148790.77260274
        },
        "3": {
            "MAPE": 0.4626031337932825,
            "MAE": 1496.5890410958905,
            "MSE": 6326559.82739726
        }
    },
    "PROPHET": {
        "0": {
            "MAPE": 1.7089425169119907,
            "MAE": 1921.2410958904109,
            "MSE": 5826823.778082192
        },
        "1": {
            "MAPE": 1.2977766920729144,
            "MAE": 1937.854794520548,
            "MSE": 8648473.465753425
        },
        "2": {
            "MAPE": 1.649663904440163,
            "MAE": 2312.4246575342468,
            "MSE": 8519096.369863013
        },
        "3": {
            "MAPE": 1.0072131914057836,
            "MAE": 1614.2657534246575,
            "MSE": 5704954.134246576
        }
    },
    "ENSEMBLE": {
        "0": {
            "MAPE": 0.8663301731178461,
            "MAE": 1469.0739726027398,
            "MSE": 4888103.901369863
        },
        "1": {
            "MAPE": 0.5172924061328508,
            "MAE": 1648.4082191780822,
            "MSE": 10126474.473972602
        },
        "2": {
            "MAPE": 0.4987867417306218,
            "MAE": 1464.4,
            "MSE": 7403769.095890411
        },
        "3": {
            "MAPE": 0.4850802289048612,
            "MAE": 1405.9342465753425,
            "MSE": 5794564.093150685
        }
    }
}