{
    "Base": {
        "0": {
            "MAPE": 0.8931257429195898,
            "MAE": 1709.1955262945337,
            "MSE": 6830654.696828651
        },
        "1": {
            "MAPE": 0.8565136047622175,
            "MAE": 2808.2512343972376,
            "MSE": 19548501.95110682
        },
        "2": {
            "MAPE": 0.849004666557113,
            "MAE": 2767.194118535808,
            "MSE": 17921985.437656984
        },
        "3": {
            "MAPE": 0.8623397604001105,
            "MAE": 2589.9289429073096,
            "MSE": 14337287.252771817
        }
    },
    "HISTORIAL_AVERAGE_BY_DAY": {
        "0": {
            "MAPE": 0.6738554574026238,
            "MAE": 1433.7646444879322,
            "MSE": 5609933.22526015
        },
        "1": {
            "MAPE": 0.44247443147157967,
            "MAE": 1831.315215264188,
            "MSE": 12393257.949695101
        },
        "2": {
            "MAPE": 0.3619307111361252,
            "MAE": 1574.0434550989346,
            "MSE": 9161446.191403475
        },
        "3": {
            "MAPE": 0.429194923066639,
            "MAE": 1540.896894977169,
            "MSE": 6946781.439465922
        }
    },
    "ARIMAX": {
        "0": {
            "MAPE": 0.6900619256929623,
            "MAE": 1453.3067514450006,
            "MSE": 5745027.500498744
        },
        "1": {
            "MAPE": 0.4517051780073244,
            "MAE": 1763.3864945793528,
            "MSE": 11329946.469978789
        },
        "2": {
            "MAPE": 0.3717109336585005,
            "MAE": 1525.3563979048158,
            "MSE": 8328267.100226637
        },
        "3": {
            "MAPE": 0.45403648119449597,
            "MAE": 1514.294170467069,
            "MSE": 6512685.945731488
        }
    },
    "ARIMAX_ON_RESIDUALS": {
        "0": {
            "MAPE": 1.0377001785109354,
            "MAE": 2327.3067911345634,
            "MSE": 15912339.74945741
        },
        "1": {
            "MAPE": 0.6327285130928436,
            "MAE": 2120.236146680251,
            "MSE": 12364199.807773052
        },
        "2": {
            "MAPE": 0.47031238650338997,
            "MAE": 1793.319225875035,
            "MSE": 9186264.474455403
        },
        "3": {
            "MAPE": 0.9005312627756317,
            "MAE": 2181.443889032733,
            "MSE": 10931152.900725977
        }
    },
    "SARIMAX": {
        "0": {
            "MAPE": 0.7342459228779339,
            "MAE": 1427.5589579497007,
            "MSE": 5382446.650336227
        },
        "1": {
            "MAPE": 0.4836522189825408,
            "MAE": 1758.2782351300755,
            "MSE": 10945431.952328252
        },
        "2": {
            "MAPE": 0.38108205711246756,
            "MAE": 1511.2313775717216,
            "MSE": 8148814.468038027
        },
        "3": {
            "MAPE": 0.4625992016377307,
            "MAE": 1496.5719654834647,
            "MSE": 6326390.753179947
        }
    },
    "PROPHET": {
        "0": {
            "MAPE": 1.7089734846911493,
            "MAE": 1921.2435005135117,
            "MSE": 5826823.647004634
        },
        "1": {
            "MAPE": 1.2977819843246559,
            "MAE": 1937.877661299446,
            "MSE": 8648530.749923402
        },
        "2": {
            "MAPE": 1.6496723528296633,
            "MAE": 2312.414561043056,
            "MSE": 8519086.491068384
        },
        "3": {
            "MAPE": 1.0072196277843866,
            "MAE": 1614.2701716874478,
            "MSE": 5704890.069579446
        }
    },
    "ENSEMBLE": {
        "0": {
            "MAPE": 0.8658974768179343,
            "MAE": 1467.7440748937684,
            "MSE": 4880264.4737875275
        },
        "1": {
            "MAPE": 0.5169996915187862,
            "MAE": 1648.7356187191115,
            "MSE": 10132096.07961518
        },
        "2": {
            "MAPE": 0.4985196962437611,
            "MAE": 1464.547384362927,
            "MSE": 7409118.191554464
        },
        "3": {
            "MAPE": 0.48473853499967406,
            "MAE": 1406.0940400445072,
            "MSE": 5796316.176421416
        }
    }
}