{
    "Base": {
        "0": {
            "MAPE": 0.8931257429195898,
            "MAE": 1709.1955262945337,
            "MSE": 6830654.696828651
        },
        "1": {
            "MAPE": 0.8565136047622175,
            "MAE": 2808.2512343972376,
            "MSE": 19548501.95110682
        },
        "2": {
            "MAPE": 0.849004666557113,
            "MAE": 2767.194118535808,
            "MSE": 17921985.437656984
        },
        "3": {
            "MAPE": 0.8623397604001105,
            "MAE": 2589.9289429073096,
            "MSE": 14337287.252771817
        }
    },
    "HISTORIAL_AVERAGE_BY_DAY": {
        "0": {
            "MAPE": 0.6738289275195755,
            "MAE": 1433.7561643835616,
            "MSE": 5609958.7534246575
        },
        "1": {
            "MAPE": 0.44247140077833386,
            "MAE": 1831.3287671232877,
            "MSE": 12393413.361643836
        },
        "2": {
            "MAPE": 0.361921044264599,
            "MAE": 1574.021917808219,
            "MSE": 9161344.679452054
        },
        "3": {
            "MAPE": 0.42918028392040486,
            "MAE": 1540.8958904109588,
            "MSE": 6946801.706849315
        }
    },
    "ARIMAX": {
        "0": {
            "MAPE": 0.6900678638743317,
            "MAE": 1453.3068493150686,
            "MSE": 5745046.97260274
        },
        "1": {
            "MAPE": 0.45168600035181583,
            "MAE": 1763.3753424657534,
            "MSE": 11329822.153424658
        },
        "2": {
            "MAPE": 0.3717259642967362,
            "MAE": 1525.3671232876711,
            "MSE": 8328208.819178082
        },
        "3": {
            "MAPE": 0.4540303465809082,
            "MAE": 1514.2767123287672,
            "MSE": 6512588.983561643
        }
    },
    "ARIMAX_ON_RESIDUALS": {
        "0": {
            "MAPE": 0.9308420350327298,
            "MAE": 2112.5698630136985,
            "MSE": 13531987.506849315
        },
        "1": {
            "MAPE": 0.5911729736135755,
            "MAE": 1986.813698630137,
            "MSE": 11271282.989041096
        },
        "2": {
            "MAPE": 0.41751658368635153,
            "MAE": 1643.7013698630137,
            "MSE": 8451098.150684932
        },
        "3": {
            "MAPE": 0.669804823786448,
            "MAE": 1934.304109589041,
            "MSE": 9831542.638356164
        }
    },
    "SARIMAX": {
        "0": {
            "MAPE": 0.7343000127804283,
            "MAE": 1427.5753424657535,
            "MSE": 5382448.726027397
        },
        "1": {
            "MAPE": 0.48362818045423656,
            "MAE": 1758.2657534246575,
            "MSE": 10945407.471232876
        },
        "2": {
            "MAPE": 0.38105999382221406,
            "MAE": 1511.2219178082191,
            "MSE": 8148790.77260274
        },
        "3": {
            "MAPE": 0.4626031337932825,
            "MAE": 1496.5890410958905,
            "MSE": 6326559.82739726
        }
    },
    "PROPHET": {
        "0": {
            "MAPE": 1.7089425169119907,
            "MAE": 1921.2410958904109,
            "MSE": 5826823.778082192
        },
        "1": {
            "MAPE": 1.2977766920729144,
            "MAE": 1937.854794520548,
            "MSE": 8648473.465753425
        },
        "2": {
            "MAPE": 1.649663904440163,
            "MAE": 2312.4246575342468,
            "MSE": 8519096.369863013
        },
        "3": {
            "MAPE": 1.0072131914057836,
            "MAE": 1614.2657534246575,
            "MSE": 5704954.134246576
        }
    },
    "ENSEMBLE": {
        "0": {
            "MAPE": 0.8658683601643751,
            "MAE": 1467.7397260273972,
            "MSE": 4880295.58630137
        },
        "1": {
            "MAPE": 0.5169905461104151,
            "MAE": 1648.7260273972602,
            "MSE": 10131968.221917808
        },
        "2": {
            "MAPE": 0.4984899746963513,
            "MAE": 1464.5506849315068,
            "MSE": 7409259.783561644
        },
        "3": {
            "MAPE": 0.48473707799449056,
            "MAE": 1406.0958904109589,
            "MSE": 5796357.991780822
        }
    }
}