{
    "Base": {
        "0": {
            "MAPE": 0.8931257429195898,
            "MAE": 1709.1955262945337,
            "MSE": 6830654.696828651
        },
        "1": {
            "MAPE": 0.8565136047622175,
            "MAE": 2808.2512343972376,
            "MSE": 19548501.95110682
        },
        "2": {
            "MAPE": 0.849004666557113,
            "MAE": 2767.194118535808,
            "MSE": 17921985.437656984
        },
        "3": {
            "MAPE": 0.8623397604001105,
            "MAE": 2589.9289429073096,
            "MSE": 14337287.252771817
        }
    },
    "Historical Average By Day": {
        "0": {
            "MAPE": 0.6738554574026238,
            "MAE": 1433.7646444879322,
            "MSE": 5609933.22526015
        },
        "1": {
            "MAPE": 0.44247443147157967,
            "MAE": 1831.315215264188,
            "MSE": 12393257.949695101
        },
        "2": {
            "MAPE": 0.3619307111361252,
            "MAE": 1574.0434550989346,
            "MSE": 9161446.191403475
        },
        "3": {
            "MAPE": 0.429194923066639,
            "MAE": 1540.896894977169,
            "MSE": 6946781.439465922
        }
    },
    "ARIMAX": {
        "0": {
            "MAPE": 0.7062662870495893,
            "MAE": 1483.8078711384092,
            "MSE": 5975917.657659933
        },
        "1": {
            "MAPE": 0.4509851913866175,
            "MAE": 1751.9616765603555,
            "MSE": 11193871.503257925
        },
        "2": {
            "MAPE": 0.371654436636591,
            "MAE": 1517.6093586232405,
            "MSE": 8161426.528973053
        },
        "3": {
            "MAPE": 0.4547096093272311,
            "MAE": 1509.2986698924337,
            "MSE": 6484210.825785088
        }
    },
    "SARIMAX": {
        "0": {
            "MAPE": 0.7342459228779339,
            "MAE": 1427.5589579497007,
            "MSE": 5382446.650336227
        },
        "1": {
            "MAPE": 0.4836522189825408,
            "MAE": 1758.2782351300755,
            "MSE": 10945431.952328252
        },
        "2": {
            "MAPE": 0.38108205711246756,
            "MAE": 1511.2313775717216,
            "MSE": 8148814.468038027
        },
        "3": {
            "MAPE": 0.4625992016377307,
            "MAE": 1496.5719654834647,
            "MSE": 6326390.753179947
        }
    },
    "Prophet": {
        "0": {
            "MAPE": 1.7089734846911493,
            "MAE": 1921.2435005135117,
            "MSE": 5826823.647004634
        },
        "1": {
            "MAPE": 1.2977819843246559,
            "MAE": 1937.877661299446,
            "MSE": 8648530.749923402
        },
        "2": {
            "MAPE": 1.6496723528296633,
            "MAE": 2312.414561043056,
            "MSE": 8519086.491068384
        },
        "3": {
            "MAPE": 1.0072196277843866,
            "MAE": 1614.2701716874478,
            "MSE": 5704890.069579446
        }
    },
    "SARIMA": {
        "0": {
            "MAPE": 0.7342459228779339,
            "MAE": 1427.5589579497007,
            "MSE": 5382446.650336227
        },
        "1": {
            "MAPE": 0.4836522189825408,
            "MAE": 1758.2782351300755,
            "MSE": 10945431.952328252
        },
        "2": {
            "MAPE": 0.38108205711246756,
            "MAE": 1511.2313775717216,
            "MSE": 8148814.468038027
        },
        "3": {
            "MAPE": 0.4625992016377307,
            "MAE": 1496.5719654834647,
            "MSE": 6326390.753179947
        }
    },
    "Ensemble": {
        "0": {
            "MAPE": 0.8686872444647352,
            "MAE": 1474.2449570832384,
            "MSE": 4920644.639704626
        },
        "1": {
            "MAPE": 0.5185193871434699,
            "MAE": 1646.8417514850064,
            "MSE": 10099640.8215091
        },
        "2": {
            "MAPE": 0.5002995155532891,
            "MAE": 1464.3371858037842,
            "MSE": 7374441.903200009
        },
        "3": {
            "MAPE": 0.486549768396199,
            "MAE": 1405.8393397648542,
            "MSE": 5789745.9866542695
        }
    }
}