{
    "Base": {
        "0": {
            "MAPE": 0.815823531014251,
            "MAE": 1457.1400982671546,
            "MSE": 4838286.720138355
        },
        "1": {
            "MAPE": 0.8531989416237176,
            "MAE": 2735.5782974034905,
            "MSE": 17714242.76385537
        },
        "2": {
            "MAPE": 0.8485183566612122,
            "MAE": 2657.284429402767,
            "MSE": 15730325.16121625
        },
        "3": {
            "MAPE": 0.8467111637036225,
            "MAE": 2455.721113527363,
            "MSE": 12887026.51036552
        }
    },
    "HISTORIAL_AVERAGE_BY_DAY": {
        "0": {
            "MAPE": 1.132398974221157,
            "MAE": 1281.2438356164384,
            "MSE": 4407586.509589041
        },
        "1": {
            "MAPE": 0.4586874170630448,
            "MAE": 1681.1123287671232,
            "MSE": 9880903.567123288
        },
        "2": {
            "MAPE": 0.3679061618368135,
            "MAE": 1375.282191780822,
            "MSE": 6779036.969863013
        },
        "3": {
            "MAPE": 0.6900944912294771,
            "MAE": 1429.4219178082192,
            "MSE": 5679103.630136986
        }
    },
    "ARIMAX": {
        "0": {
            "MAPE": 1.4420581744550767,
            "MAE": 1080.3808219178081,
            "MSE": 3372948.1287671234
        },
        "1": {
            "MAPE": 0.5613772210011813,
            "MAE": 1783.0849315068492,
            "MSE": 11327298.98630137
        },
        "2": {
            "MAPE": 0.5598323285745109,
            "MAE": 1491.0191780821917,
            "MSE": 7745295.084931507
        },
        "3": {
            "MAPE": 0.8112721943349336,
            "MAE": 1482.6657534246576,
            "MSE": 6453041.18630137
        }
    },
    "ARIMAX_ON_RESIDUALS": {
        "0": {
            "MAPE": 2.208702433880052,
            "MAE": 1951.509589041096,
            "MSE": 10778654.84109589
        },
        "1": {
            "MAPE": 0.8410218088382162,
            "MAE": 1811.3397260273973,
            "MSE": 9317034.063013699
        },
        "2": {
            "MAPE": 0.8215710527462824,
            "MAE": 1621.9479452054795,
            "MSE": 6758779.224657535
        },
        "3": {
            "MAPE": 1.4457921149743156,
            "MAE": 1724.4082191780822,
            "MSE": 7800452.901369863
        }
    },
    "SARIMAX": {
        "0": {
            "MAPE": 1.843674760327345,
            "MAE": 1158.978082191781,
            "MSE": 3694071.3616438354
        },
        "1": {
            "MAPE": 0.5406411075477354,
            "MAE": 1775.041095890411,
            "MSE": 11318278.317808218
        },
        "2": {
            "MAPE": 0.518555858626689,
            "MAE": 1459.517808219178,
            "MSE": 7547092.82739726
        },
        "3": {
            "MAPE": 0.9271697216338215,
            "MAE": 1479.854794520548,
            "MSE": 6301233.191780822
        }
    },
    "PROPHET": {
        "0": {
            "MAPE": 3.216625529525259,
            "MAE": 1641.9753424657533,
            "MSE": 4271372.238356165
        },
        "1": {
            "MAPE": 1.6591438607326605,
            "MAE": 1814.3287671232877,
            "MSE": 7113093.353424657
        },
        "2": {
            "MAPE": 2.028199742139011,
            "MAE": 2239.9698630136986,
            "MSE": 7339343.334246575
        },
        "3": {
            "MAPE": 2.0491535399877625,
            "MAE": 1531.6794520547944,
            "MSE": 4811964.704109589
        }
    },
    "ENSEMBLE": {
        "0": {
            "MAPE": 1.0022964873255693,
            "MAE": 1155.9616438356165,
            "MSE": 3303750.9424657533
        },
        "1": {
            "MAPE": 0.7169089197560857,
            "MAE": 1641.4520547945206,
            "MSE": 9204881.55068493
        },
        "2": {
            "MAPE": 0.7651694899327048,
            "MAE": 1443.704109589041,
            "MSE": 6233226.334246575
        },
        "3": {
            "MAPE": 1.051871640816529,
            "MAE": 1371.6109589041096,
            "MSE": 5186449.161643836
        }
    }
}